{"cameraMode":{"drawMode":0,"name":"Shaded","section":"Shading Mode"},"sceneLighting":true,"audioPlay":false,"sceneViewState":{"showFog":false,"showMaterialUpdate":false,"showSkybox":false,"showFlares":false,"showImageEffects":false,"showParticleSystems":true},"in2DMode":false,"pivot":{"x":4.0,"y":1.7000000476837159,"z":3.0999996662139894},"rotation":{"x":-0.4421952962875366,"y":0.13550545275211335,"z":-0.06778006255626679,"w":-0.8840290904045105},"size":1.1005182266235352,"orthographic":false}