{"cameraMode":{"drawMode":0,"name":"Shaded","section":"Shading Mode"},"sceneLighting":false,"audioPlay":false,"sceneViewState":{"showFog":false,"showMaterialUpdate":false,"showSkybox":false,"showFlares":false,"showImageEffects":false,"showParticleSystems":true},"in2DMode":false,"pivot":{"x":0.011035814881324768,"y":1.8079893589019776,"z":-0.200028195977211},"rotation":{"x":-0.3285936713218689,"y":-0.3111867904663086,"z":0.11564552038908005,"w":-0.8842031359672546},"size":1.5673890113830567,"orthographic":false}