{"cameraMode":{"drawMode":0,"name":"Shaded","section":"Shading Mode"},"sceneLighting":true,"audioPlay":false,"sceneViewState":{"showFog":true,"showMaterialUpdate":true,"showSkybox":true,"showFlares":true,"showImageEffects":true,"showParticleSystems":true},"in2DMode":false,"pivot":{"x":-0.8608112335205078,"y":-0.6803195476531982,"z":1.3059353828430176},"rotation":{"x":-0.328797847032547,"y":0.6030263304710388,"z":-0.2993772029876709,"w":-0.6622874140739441},"size":5.172337055206299,"orthographic":false}